{
  "project_info": {
    "project_number": "94068289520",
    "project_id": "appcode-f0bf1",
    "storage_bucket": "appcode-f0bf1.appspot.com"
  },
  "client": [
    {
      "client_info": {
        "mobilesdk_app_id": "1:94068289520:android:0046793cd7b61d1b25f735",
        "android_client_info": {
          "package_name": "com.example.cs290_app"
        }
      },
      "oauth_client": [],
      "api_key": [
        {
          "current_key": "AIzaSyDiiEqoVAUCOzf1XyR8hcdhkIi0dMc5FRY"
        }
      ],
      "services": {
        "appinvite_service": {
          "other_platform_oauth_client": []
        }
      }
    }
  ],
  "configuration_version": "1"
}